entry_id,cluster,finalist
GH-04380895-partC1.jpg,4,1
GH-1128435973-partC1.jpg,4,1
GH-121371443-partC1.jpg,2,1
GH-5059206475-partC1.jpg,6,1
GH-5631681770-partC1.jpg,4,1
GH-76091181-partC1.jpg,0,1
GH-03631231-partC1.jpg,5,0
GH-03673815-partC1.jpg,4,0
GH-04795153-partC1.jpg,3,0
GH-04843084-partC1.jpg,7,0
GH-04981426-partC1.jpg,4,0
GH-05217708-partC1.jpg,1,0
GH-05447031-partC1.jpg,5,0
GH-05495148-partC1.jpg,0,0
GH-06213076-partC1.jpg,2,0
GH-06638569-partC1.jpg,2,0
GH-07086349-partC1.jpg,5,0
GH-08225110-partC1.jpg,7,0
GH-08656917-partC1.jpg,3,0
GH-09221673-partC1.jpg,6,0
GH-09463725-partC1.jpg,2,0
GH-09569592-partC1.jpg,2,0
GH-09822364-partC1.jpg,6,0
GH-09937802-partC1.jpg,7,0
GH-100099807-partC1.jpg,4,0
GH-100524945-partC1.jpg,2,0
GH-1017313340-partC1.jpg,0,0
GH-1017475234-partC1.jpg,3,0
GH-1019831517-partC1.jpg,5,0
GH-1021373091-partC1.jpg,3,0
GH-102180681-partC1.jpg,7,0
GH-102228139-partC1.jpg,0,0
GH-1023515502-partC1.jpg,5,0
GH-103111211-partC1.jpg,3,0
GH-1032983691-partC1.jpg,4,0
GH-103424940-partC1.jpg,2,0
GH-103452271-partC1.jpg,0,0
GH-103667349-partC1.jpg,4,0
GH-103959685-partC1.jpg,0,0
GH-104945429-partC1.jpg,6,0
GH-1052813258-partC1.jpg,6,0
GH-105618179-partC1.jpg,4,0
GH-1056718182-partC1.jpg,6,0
GH-1058192285-partC1.jpg,5,0
GH-1058376438-partC1.jpg,1,0
GH-1061619423-partC1.jpg,1,0
GH-106629075-partC1.jpg,7,0
GH-107317380-partC1.jpg,1,0
GH-107490566-partC1.jpg,0,0
GH-107760788-partC1.jpg,0,0
GH-109394232-partC1.jpg,7,0
GH-109957601-partC1.jpg,7,0
GH-110013583-partC1.jpg,4,0
GH-110432344-partC1.jpg,2,0
GH-111591347-partC1.jpg,3,0
GH-1116722368-partC1.jpg,5,0
GH-111840566-partC1.jpg,7,0
GH-1118585949-partC1.jpg,4,0
GH-1124569637-partC1.jpg,0,0
GH-1130507221-partC1.jpg,0,0
GH-113174453-partC1.jpg,5,0
GH-1132388654-partC1.jpg,2,0
GH-113260703-partC1.jpg,4,0
GH-113422788-partC1.jpg,2,0
GH-1135973516-partC1.jpg,1,0
GH-1136722706-partC1.jpg,6,0
GH-113846045-partC1.jpg,3,0
GH-1138744271-partC1.jpg,4,0
GH-113929736-partC1.jpg,6,0
GH-1139397975-partC1.jpg,2,0
GH-114097890-partC1.jpg,4,0
GH-114245619-partC1.jpg,4,0
GH-114258545-partC1.jpg,6,0
GH-1142941522-partC1.jpg,0,0
GH-1144223595-partC1.jpg,4,0
GH-11446539-partC1.jpg,3,0
GH-114529707-partC1.jpg,6,0
GH-1145984172-partC1.jpg,6,0
GH-114676483-partC1.jpg,0,0
GH-114721332-partC1.jpg,5,0
GH-1147892035-partC1.jpg,3,0
GH-1148983890-partC1.jpg,1,0
GH-1149293253-partC1.jpg,6,0
GH-1149592232-partC1.jpg,4,0
GH-114977847-partC1.jpg,5,0
GH-115175318-partC1.jpg,3,0
GH-1154196006-partC1.jpg,2,0
GH-1155255958-partC1.jpg,4,0
GH-1156229777-partC1.jpg,0,0
GH-1156929272-partC1.jpg,0,0
GH-1160212008-partC1.jpg,3,0
GH-116938159-partC1.jpg,4,0
GH-11714152-partC1.jpg,5,0
GH-11734085-partC1.jpg,4,0
GH-117394951-partC1.jpg,5,0
GH-11825652-partC1.jpg,1,0
GH-118811754-partC1.jpg,2,0
GH-119213950-partC1.jpg,1,0
GH-119932060-partC1.jpg,3,0
GH-120171351-partC1.jpg,4,0
GH-120183820-partC1.jpg,0,0
GH-120190573-partC1.jpg,7,0
GH-121121999-partC1.jpg,3,0
GH-1218937207-partC1.jpg,4,0
GH-121946690-partC1.jpg,2,0
GH-122041092-partC1.jpg,4,0
GH-122120282-partC1.jpg,2,0
GH-122475004-partC1.jpg,4,0
GH-122580364-partC1.jpg,2,0
GH-122614522-partC1.jpg,2,0
GH-122693815-partC1.jpg,5,0
GH-123018380-partC1.jpg,4,0
GH-123080608-partC1.jpg,5,0
GH-1231939782-partC1.jpg,5,0
GH-123327584-partC1.jpg,5,0
GH-1234154640-partC1.jpg,4,0
GH-1236508908-partC1.jpg,4,0
GH-1237923771-partC1.jpg,3,0
GH-1241806515-partC1.jpg,3,0
GH-1243104054-partC1.jpg,1,0
GH-1246173418-partC1.jpg,5,0
GH-124686905-partC1.jpg,5,0
GH-124850686-partC1.jpg,0,0
GH-1250003191-partC1.jpg,5,0
GH-125029094-partC1.jpg,6,0
GH-1250421999-partC1.jpg,5,0
GH-1254108430-partC1.jpg,0,0
GH-1255584932-partC1.jpg,4,0
GH-1257067932-partC1.jpg,7,0
GH-125713861-partC1.jpg,6,0
GH-1257565695-partC1.jpg,0,0
GH-1258721417-partC1.jpg,2,0
GH-1258954270-partC1.jpg,2,0
GH-1260285007-partC1.jpg,0,0
GH-1260383217-partC1.jpg,2,0
GH-126274555-partC1.jpg,6,0
GH-127392314-partC1.jpg,5,0
GH-127794199-partC1.jpg,7,0
GH-128223385-partC1.jpg,6,0
GH-128426213-partC1.jpg,0,0
GH-129238335-partC1.jpg,5,0
GH-129517966-partC1.jpg,2,0
GH-130197842-partC1.jpg,3,0
GH-130499827-partC1.jpg,6,0
GH-130723428-partC1.jpg,7,0
GH-131156146-partC1.jpg,1,0
GH-13119454-partC1.jpg,3,0
GH-13142343-partC1.jpg,6,0
GH-1322146015-partC1.jpg,6,0
GH-1330558017-partC1.jpg,4,0
GH-1334715125-partC1.jpg,1,0
GH-1341071814-partC1.jpg,4,0
GH-134567126-partC1.jpg,4,0
GH-134797141-partC1.jpg,3,0
GH-1349238556-partC1.jpg,7,0
GH-1350042465-partC1.jpg,6,0
GH-135099794-partC1.jpg,6,0
GH-135144199-partC1.jpg,3,0
GH-1351498430-partC1.jpg,3,0
GH-135176752-partC1.jpg,0,0
GH-1352689788-partC1.jpg,0,0
GH-1354604939-partC1.jpg,2,0
GH-1357628901-partC1.jpg,0,0
GH-1358035041-partC1.jpg,4,0
GH-1361736007-partC1.jpg,3,0
GH-136323726-partC1.jpg,5,0
GH-137085011-partC1.jpg,6,0
GH-13716363-partC1.jpg,5,0
GH-137197785-partC1.jpg,3,0
GH-137585564-partC1.jpg,2,0
GH-137835367-partC1.jpg,3,0
GH-138011891-partC1.jpg,1,0
GH-138975358-partC1.jpg,5,0
GH-139395749-partC1.jpg,5,0
GH-139778605-partC1.jpg,1,0
GH-140018719-partC1.jpg,5,0
GH-140689015-partC1.jpg,5,0
GH-141571242-partC1.jpg,6,0
GH-1418198308-partC1.jpg,4,0
GH-141927358-partC1.jpg,2,0
GH-141958192-partC1.jpg,2,0
GH-1420076175-partC1.jpg,2,0
GH-1421397228-partC1.jpg,5,0
GH-1423897798-partC1.jpg,2,0
GH-142910266-partC1.jpg,0,0
GH-1432438121-partC1.jpg,1,0
GH-143980654-partC1.jpg,3,0
GH-144071412-partC1.jpg,4,0
GH-144489645-partC1.jpg,6,0
GH-14471329-partC1.jpg,0,0
GH-145485326-partC1.jpg,6,0
GH-145756406-partC1.jpg,5,0
GH-1458638086-partC1.jpg,0,0
GH-1461068014-partC1.jpg,1,0
GH-1461695257-partC1.jpg,4,0
GH-147036804-partC1.jpg,6,0
GH-147472985-partC1.jpg,6,0
GH-147929984-partC1.jpg,1,0
GH-148227644-partC1.jpg,0,0
GH-148282527-partC1.jpg,0,0
GH-148417998-partC1.jpg,5,0
GH-149141815-partC1.jpg,5,0
GH-14954471-partC1.jpg,6,0
GH-150242831-partC1.jpg,5,0
GH-150418974-partC1.jpg,3,0
GH-1518606593-partC1.jpg,2,0
GH-151864792-partC1.jpg,1,0
GH-1521545749-partC1.jpg,1,0
GH-152155250-partC1.jpg,2,0
GH-1525801044-partC1.jpg,3,0
GH-1528756050-partC1.jpg,6,0
GH-152876734-partC1.jpg,7,0
GH-1529191583-partC1.jpg,0,0
GH-153133976-partC1.jpg,2,0
GH-1532595591-partC1.jpg,3,0
GH-153284146-partC1.jpg,4,0
GH-153443560-partC1.jpg,5,0
GH-15349049-partC1.jpg,2,0
GH-1537768055-partC1.jpg,5,0
GH-1538532961-partC1.jpg,2,0
GH-1538814774-partC1.jpg,0,0
GH-153997931-partC1.jpg,4,0
GH-1541031554-partC1.jpg,6,0
GH-1541731557-partC1.jpg,6,0
GH-1542092008-partC1.jpg,3,0
GH-154318224-partC1.jpg,5,0
GH-1544608210-partC1.jpg,0,0
GH-154615172-partC1.jpg,5,0
GH-1550441197-partC1.jpg,0,0
GH-1552984534-partC1.jpg,5,0
GH-1554166947-partC1.jpg,3,0
GH-155450693-partC1.jpg,6,0
GH-155469418-partC1.jpg,5,0
GH-1556696196-partC1.jpg,3,0
GH-1556907648-partC1.jpg,5,0
GH-155735600-partC1.jpg,7,0
GH-1558203525-partC1.jpg,4,0
GH-1558556136-partC1.jpg,6,0
GH-1558702318-partC1.jpg,6,0
GH-1561326512-partC1.jpg,5,0
GH-156210320-partC1.jpg,5,0
GH-1616219574-partC1.jpg,0,0
GH-1617554716-partC1.jpg,5,0
GH-1625413706-partC1.jpg,6,0
GH-1630031860-partC1.jpg,6,0
GH-1630563459-partC1.jpg,6,0
GH-1631646522-partC1.jpg,4,0
GH-1631734234-partC1.jpg,5,0
GH-1631786914-partC1.jpg,1,0
GH-1632616643-partC1.jpg,0,0
GH-1633421407-partC1.jpg,7,0
GH-1633833442-partC1.jpg,6,0
GH-1634624724-partC1.jpg,2,0
GH-1635151728-partC1.jpg,6,0
GH-1635408113-partC1.jpg,2,0
GH-1635661909-partC1.jpg,0,0
GH-16362796-partC1.jpg,3,0
GH-1640033143-partC1.jpg,2,0
GH-1640219637-partC1.jpg,7,0
GH-1642805913-partC1.jpg,3,0
GH-1646805757-partC1.jpg,6,0
GH-1646852120-partC1.jpg,0,0
GH-16491460-partC1.jpg,3,0
GH-1654317632-partC1.jpg,6,0
GH-1655179490-partC1.jpg,1,0
GH-1657399117-partC1.jpg,0,0
GH-1658807949-partC1.jpg,1,0
GH-1660484167-partC1.jpg,7,0
GH-1660932487-partC1.jpg,6,0
GH-1661152760-partC1.jpg,2,0
GH-16651696-partC1.jpg,0,0
GH-16829277-partC1.jpg,3,0
GH-16952982-partC1.jpg,2,0
GH-1716719498-partC1.jpg,1,0
GH-1717876028-partC1.jpg,4,0
GH-1724685977-partC1.jpg,5,0
GH-1736287054-partC1.jpg,5,0
GH-1740975602-partC1.jpg,0,0
GH-1747348148-partC1.jpg,6,0
GH-1752066253-partC1.jpg,1,0
GH-1754728735-partC1.jpg,1,0
GH-1756477569-partC1.jpg,3,0
GH-1757325836-partC1.jpg,5,0
GH-17577218-partC1.jpg,0,0
GH-1758579799-partC1.jpg,2,0
GH-1761207514-partC1.jpg,0,0
GH-18076056-partC1.jpg,2,0
GH-1821012454-partC1.jpg,7,0
GH-1824672260-partC1.jpg,2,0
GH-1827121035-partC1.jpg,3,0
GH-18282176-partC1.jpg,1,0
GH-18284412-partC1.jpg,2,0
GH-1834948996-partC1.jpg,7,0
GH-1843029458-partC1.jpg,6,0
GH-1844429469-partC1.jpg,4,0
GH-1847205048-partC1.jpg,5,0
GH-1851618406-partC1.jpg,5,0
GH-1852388676-partC1.jpg,1,0
GH-1856465694-partC1.jpg,1,0
GH-1857048935-partC1.jpg,6,0
GH-1858494335-partC1.jpg,7,0
GH-18642291-partC1.jpg,3,0
GH-1918304695-partC1.jpg,5,0
GH-1925406436-partC1.jpg,4,0
GH-19277900-partC1.jpg,5,0
GH-1932059969-partC1.jpg,5,0
GH-1936682247-partC1.jpg,3,0
GH-1942452098-partC1.jpg,1,0
GH-1946025121-partC1.jpg,5,0
GH-19511119-partC1.jpg,4,0
GH-1956028467-partC1.jpg,6,0
GH-1956408054-partC1.jpg,2,0
GH-1957832045-partC1.jpg,3,0
GH-1958101486-partC1.jpg,4,0
GH-1959105447-partC1.jpg,4,0
GH-20077170-partC1.jpg,0,0
GH-2016469669-partC1.jpg,5,0
GH-2018335848-partC1.jpg,3,0
GH-2020972831-partC1.jpg,1,0
GH-2031496026-partC1.jpg,5,0
GH-20319906-partC1.jpg,5,0
GH-2033965723-partC1.jpg,5,0
GH-2034315707-partC1.jpg,3,0
GH-2038101339-partC1.jpg,3,0
GH-2043681876-partC1.jpg,4,0
GH-2044447253-partC1.jpg,6,0
GH-2045459988-partC1.jpg,2,0
GH-2045595932-partC1.jpg,0,0
GH-20482594-partC1.jpg,1,0
GH-2050655179-partC1.jpg,5,0
GH-2051769109-partC1.jpg,3,0
GH-2052293042-partC1.jpg,3,0
GH-2059285467-partC1.jpg,5,0
GH-2060693348-partC1.jpg,5,0
GH-20973739-partC1.jpg,0,0
GH-2116312870-partC1.jpg,3,0
GH-2118549030-partC1.jpg,4,0
GH-2123169819-partC1.jpg,6,0
GH-2126935651-partC1.jpg,6,0
GH-2127955749-partC1.jpg,6,0
GH-2132641341-partC1.jpg,3,0
GH-2133629477-partC1.jpg,6,0
GH-2135699332-partC1.jpg,0,0
GH-2139495265-partC1.jpg,1,0
GH-2141821976-partC1.jpg,2,0
GH-21441388-partC1.jpg,0,0
GH-2146376696-partC1.jpg,7,0
GH-2150629438-partC1.jpg,1,0
GH-2151831138-partC1.jpg,6,0
GH-2156722453-partC1.jpg,1,0
GH-2157096106-partC1.jpg,3,0
GH-2158672330-partC1.jpg,5,0
GH-2158859111-partC1.jpg,7,0
GH-2161096822-partC1.jpg,0,0
GH-21850378-partC1.jpg,3,0
GH-21993450-partC1.jpg,4,0
GH-2218354378-partC1.jpg,7,0
GH-2220461402-partC1.jpg,0,0
GH-2222955612-partC1.jpg,1,0
GH-2229041479-partC1.jpg,7,0
GH-2234271498-partC1.jpg,7,0
GH-2235011972-partC1.jpg,2,0
GH-2236183323-partC1.jpg,0,0
GH-2245283408-partC1.jpg,7,0
GH-2248837212-partC1.jpg,5,0
GH-2252103346-partC1.jpg,7,0
GH-2253627792-partC1.jpg,6,0
GH-22543230-partC1.jpg,5,0
GH-2257575689-partC1.jpg,1,0
GH-2258232490-partC1.jpg,5,0
GH-2258349435-partC1.jpg,5,0
GH-2261144491-partC1.jpg,6,0
GH-2261811569-partC1.jpg,6,0
GH-22857458-partC1.jpg,0,0
GH-23068468-partC1.jpg,2,0
GH-23219078-partC1.jpg,4,0
GH-2326324645-partC1.jpg,0,0
GH-2334682117-partC1.jpg,7,0
GH-2339807492-partC1.jpg,3,0
GH-2340897302-partC1.jpg,7,0
GH-2344762056-partC1.jpg,1,0
GH-2353157720-partC1.jpg,1,0
GH-2354497149-partC1.jpg,6,0
GH-2354712245-partC1.jpg,5,0
GH-2355595973-partC1.jpg,4,0
GH-2356866014-partC1.jpg,3,0
GH-2358422381-partC1.jpg,0,0
GH-2358676500-partC1.jpg,2,0
GH-2358714402-partC1.jpg,6,0
GH-2360521407-partC1.jpg,2,0
GH-2417277767-partC1.jpg,1,0
GH-2424491009-partC1.jpg,4,0
GH-2425063348-partC1.jpg,4,0
GH-2427429836-partC1.jpg,1,0
GH-2432288354-partC1.jpg,4,0
GH-2440915045-partC1.jpg,1,0
GH-2443747074-partC1.jpg,4,0
GH-24454218-partC1.jpg,7,0
GH-2445903804-partC1.jpg,2,0
GH-2449164602-partC1.jpg,0,0
GH-2455835604-partC1.jpg,4,0
GH-2455969664-partC1.jpg,4,0
GH-2456768587-partC1.jpg,3,0
GH-2460437071-partC1.jpg,4,0
GH-2460638131-partC1.jpg,4,0
GH-2460706356-partC1.jpg,3,0
GH-24871896-partC1.jpg,7,0
GH-25071541-partC1.jpg,1,0
GH-25091307-partC1.jpg,5,0
GH-25183394-partC1.jpg,2,0
GH-2521586504-partC1.jpg,2,0
GH-2524751156-partC1.jpg,5,0
GH-2533527738-partC1.jpg,7,0
GH-2533853427-partC1.jpg,3,0
GH-2534797516-partC1.jpg,0,0
GH-2539154729-partC1.jpg,6,0
GH-2542123414-partC1.jpg,5,0
GH-2542889463-partC1.jpg,4,0
GH-2546922855-partC1.jpg,5,0
GH-2549977003-partC1.jpg,7,0
GH-2550953346-partC1.jpg,0,0
GH-2550994861-partC1.jpg,6,0
GH-2551962544-partC1.jpg,4,0
GH-2552127570-partC1.jpg,1,0
GH-2553556150-partC1.jpg,0,0
GH-2555265349-partC1.jpg,2,0
GH-2557249272-partC1.jpg,3,0
GH-25687014-partC1.jpg,6,0
GH-2618805268-partC1.jpg,1,0
GH-2619642627-partC1.jpg,2,0
GH-2619961616-partC1.jpg,0,0
GH-2620551663-partC1.jpg,1,0
GH-2621234589-partC1.jpg,1,0
GH-2623647703-partC1.jpg,1,0
GH-2627898863-partC1.jpg,2,0
GH-2628902960-partC1.jpg,0,0
GH-2629407985-partC1.jpg,6,0
GH-2633648361-partC1.jpg,1,0
GH-2635044564-partC1.jpg,1,0
GH-2650361937-partC1.jpg,0,0
GH-2651007127-partC1.jpg,2,0
GH-2655429047-partC1.jpg,3,0
GH-2655904976-partC1.jpg,6,0
GH-2657762555-partC1.jpg,2,0
GH-27044898-partC1.jpg,4,0
GH-27098916-partC1.jpg,6,0
GH-2725492297-partC1.jpg,0,0
GH-2725862065-partC1.jpg,2,0
GH-2727573242-partC1.jpg,1,0
GH-2730455792-partC1.jpg,0,0
GH-2740275557-partC1.jpg,2,0
GH-27411074-partC1.jpg,0,0
GH-2744969954-partC1.jpg,2,0
GH-2746312775-partC1.jpg,5,0
GH-2752568079-partC1.jpg,1,0
GH-2754511132-partC1.jpg,2,0
GH-2754849607-partC1.jpg,6,0
GH-2758144334-partC1.jpg,5,0
GH-2758205373-partC1.jpg,5,0
GH-27955998-partC1.jpg,2,0
GH-28024251-partC1.jpg,2,0
GH-2816238016-partC1.jpg,4,0
GH-2823458492-partC1.jpg,3,0
GH-2825237788-partC1.jpg,2,0
GH-2846757988-partC1.jpg,0,0
GH-2847492449-partC1.jpg,3,0
GH-2847762728-partC1.jpg,6,0
GH-2848506798-partC1.jpg,4,0
GH-2849413858-partC1.jpg,4,0
GH-2849695256-partC1.jpg,5,0
GH-28520197-partC1.jpg,3,0
GH-2853765616-partC1.jpg,4,0
GH-2856085843-partC1.jpg,4,0
GH-2856763337-partC1.jpg,6,0
GH-2858797501-partC1.jpg,7,0
GH-2860451920-partC1.jpg,2,0
GH-2860826536-partC1.jpg,4,0
GH-2860936412-partC1.jpg,6,0
GH-2861036599-partC1.jpg,6,0
GH-2861078874-partC1.jpg,0,0
GH-28660218-partC1.jpg,0,0
GH-2919163207-partC1.jpg,4,0
GH-2923888960-partC1.jpg,4,0
GH-2924029646-partC1.jpg,2,0
GH-2925259581-partC1.jpg,1,0
GH-2926727003-partC1.jpg,3,0
GH-2928649726-partC1.jpg,6,0
GH-2931591560-partC1.jpg,6,0
GH-2934243222-partC1.jpg,0,0
GH-29351026-partC1.jpg,4,0
GH-2939295188-partC1.jpg,6,0
GH-2940413989-partC1.jpg,5,0
GH-2942429155-partC1.jpg,6,0
GH-2942982820-partC1.jpg,0,0
GH-2943552991-partC1.jpg,3,0
GH-2945392582-partC1.jpg,4,0
GH-2946448240-partC1.jpg,2,0
GH-2947224119-partC1.jpg,4,0
GH-2947377235-partC1.jpg,4,0
GH-2947559511-partC1.jpg,2,0
GH-2947714035-partC1.jpg,3,0
GH-2948245953-partC1.jpg,6,0
GH-2948555055-partC1.jpg,1,0
GH-2954985432-partC1.jpg,1,0
GH-2955293161-partC1.jpg,7,0
GH-29573587-partC1.jpg,6,0
GH-2957514203-partC1.jpg,2,0
GH-2958048883-partC1.jpg,2,0
GH-2958158268-partC1.jpg,2,0
GH-2958461569-partC1.jpg,6,0
GH-2961132036-partC1.jpg,1,0
GH-29818350-partC1.jpg,1,0
GH-30064208-partC1.jpg,2,0
GH-3021297402-partC1.jpg,5,0
GH-3021811285-partC1.jpg,5,0
GH-3027651107-partC1.jpg,2,0
GH-3029524285-partC1.jpg,4,0
GH-3035891372-partC1.jpg,2,0
GH-3037576546-partC1.jpg,3,0
GH-3041005808-partC1.jpg,3,0
GH-3043959986-partC1.jpg,1,0
GH-3044826196-partC1.jpg,6,0
GH-3046287801-partC1.jpg,1,0
GH-3050469306-partC1.jpg,5,0
GH-3051396137-partC1.jpg,4,0
GH-3052642469-partC1.jpg,5,0
GH-3056595784-partC1.jpg,1,0
GH-3057004531-partC1.jpg,7,0
GH-3058127958-partC1.jpg,2,0
GH-3058212035-partC1.jpg,5,0
GH-3058575537-partC1.jpg,7,0
GH-3060592275-partC1.jpg,0,0
GH-3118518556-partC1.jpg,2,0
GH-3118899846-partC1.jpg,4,0
GH-3121079589-partC1.jpg,0,0
GH-3121761363-partC1.jpg,6,0
GH-3124379313-partC1.jpg,4,0
GH-3125781127-partC1.jpg,4,0
GH-3133358211-partC1.jpg,1,0
GH-3151821516-partC1.jpg,1,0
GH-3152672260-partC1.jpg,6,0
GH-3152958642-partC1.jpg,6,0
GH-3153011087-partC1.jpg,6,0
GH-3156171784-partC1.jpg,2,0
GH-3156244026-partC1.jpg,1,0
GH-3157386144-partC1.jpg,1,0
GH-3157914221-partC1.jpg,6,0
GH-3158054126-partC1.jpg,2,0
GH-3158752443-partC1.jpg,7,0
GH-3161549402-partC1.jpg,1,0
GH-31679289-partC1.jpg,5,0
GH-3216201479-partC1.jpg,5,0
GH-3217643434-partC1.jpg,1,0
GH-3219367352-partC1.jpg,4,0
GH-3219635826-partC1.jpg,5,0
GH-3230632585-partC1.jpg,4,0
GH-3234173313-partC1.jpg,2,0
GH-32346616-partC1.jpg,0,0
GH-3237248289-partC1.jpg,7,0
GH-3237456666-partC1.jpg,6,0
GH-3238523739-partC1.jpg,2,0
GH-3239638223-partC1.jpg,0,0
GH-3240704757-partC1.jpg,4,0
GH-3247055960-partC1.jpg,3,0
GH-3250019923-partC1.jpg,3,0
GH-3253824013-partC1.jpg,1,0
GH-3254042006-partC1.jpg,2,0
GH-3257283831-partC1.jpg,5,0
GH-3258568611-partC1.jpg,5,0
GH-3261267607-partC1.jpg,0,0
GH-3327336623-partC1.jpg,3,0
GH-3334128583-partC1.jpg,6,0
GH-3339488208-partC1.jpg,7,0
GH-3345064032-partC1.jpg,3,0
GH-33457384-partC1.jpg,7,0
GH-3350346100-partC1.jpg,3,0
GH-3351697227-partC1.jpg,6,0
GH-3352268621-partC1.jpg,6,0
GH-3355371286-partC1.jpg,2,0
GH-33575843-partC1.jpg,2,0
GH-3358379800-partC1.jpg,4,0
GH-3358397351-partC1.jpg,0,0
GH-3358492118-partC1.jpg,7,0
GH-3358585930-partC1.jpg,2,0
GH-3358706910-partC1.jpg,2,0
GH-3360745693-partC1.jpg,5,0
GH-3422042401-partC1.jpg,7,0
GH-3433234103-partC1.jpg,3,0
GH-3435461992-partC1.jpg,2,0
GH-3435526044-partC1.jpg,0,0
GH-3437278708-partC1.jpg,4,0
GH-3438899562-partC1.jpg,0,0
GH-3443678321-partC1.jpg,1,0
GH-3444173083-partC1.jpg,6,0
GH-3446698863-partC1.jpg,4,0
GH-3456146972-partC1.jpg,4,0
GH-34599822-partC1.jpg,4,0
GH-3460656207-partC1.jpg,0,0
GH-3460663892-partC1.jpg,2,0
GH-35010275-partC1.jpg,5,0
GH-3516032489-partC1.jpg,3,0
GH-3518147143-partC1.jpg,4,0
GH-3522074980-partC1.jpg,3,0
GH-3524325174-partC1.jpg,6,0
GH-3532738877-partC1.jpg,2,0
GH-3536519946-partC1.jpg,0,0
GH-35388629-partC1.jpg,6,0
GH-3541233348-partC1.jpg,2,0
GH-3543916600-partC1.jpg,2,0
GH-3545812892-partC1.jpg,2,0
GH-3546684999-partC1.jpg,0,0
GH-3548043730-partC1.jpg,0,0
GH-3548448041-partC1.jpg,5,0
GH-3549935895-partC1.jpg,4,0
GH-3550072374-partC1.jpg,2,0
GH-3551381939-partC1.jpg,5,0
GH-3554284518-partC1.jpg,6,0
GH-3555122438-partC1.jpg,2,0
GH-3555299220-partC1.jpg,4,0
GH-3556448300-partC1.jpg,6,0
GH-3558075597-partC1.jpg,2,0
GH-3561106156-partC1.jpg,5,0
GH-3561502992-partC1.jpg,0,0
GH-3625017315-partC1.jpg,3,0
GH-3625393801-partC1.jpg,3,0
GH-3630499851-partC1.jpg,2,0
GH-3634415225-partC1.jpg,7,0
GH-36350302-partC1.jpg,1,0
GH-3644687578-partC1.jpg,5,0
GH-3648597186-partC1.jpg,0,0
GH-3651531017-partC1.jpg,4,0
GH-3651959867-partC1.jpg,1,0
GH-3652272249-partC1.jpg,5,0
GH-3656376281-partC1.jpg,5,0
GH-3657962514-partC1.jpg,3,0
GH-3658367984-partC1.jpg,7,0
GH-3658447101-partC1.jpg,3,0
GH-3660377842-partC1.jpg,0,0
GH-3660912257-partC1.jpg,5,0
GH-3661186629-partC1.jpg,3,0
GH-3720663593-partC1.jpg,6,0
GH-3722319208-partC1.jpg,4,0
GH-3726176802-partC1.jpg,4,0
GH-3728729231-partC1.jpg,5,0
GH-3737461106-partC1.jpg,5,0
GH-3745347538-partC1.jpg,7,0
GH-3750747132-partC1.jpg,5,0
GH-3752024559-partC1.jpg,1,0
GH-3753543403-partC1.jpg,4,0
GH-3755071385-partC1.jpg,5,0
GH-3757584497-partC1.jpg,5,0
GH-3758407998-partC1.jpg,7,0
GH-3759161345-partC1.jpg,4,0
GH-3759253915-partC1.jpg,2,0
GH-37728137-partC1.jpg,6,0
GH-3820561989-partC1.jpg,2,0
GH-3822727974-partC1.jpg,5,0
GH-38259207-partC1.jpg,6,0
GH-38272661-partC1.jpg,0,0
GH-3828951678-partC1.jpg,6,0
GH-3829104645-partC1.jpg,2,0
GH-3830297051-partC1.jpg,5,0
GH-3830681802-partC1.jpg,2,0
GH-3837159711-partC1.jpg,5,0
GH-3839043922-partC1.jpg,4,0
GH-3839571973-partC1.jpg,1,0
GH-3841759374-partC1.jpg,5,0
GH-3842609859-partC1.jpg,0,0
GH-3846996059-partC1.jpg,0,0
GH-3847439910-partC1.jpg,4,0
GH-3849642930-partC1.jpg,4,0
GH-3849972061-partC1.jpg,2,0
GH-3858062780-partC1.jpg,4,0
GH-3858218929-partC1.jpg,3,0
GH-38668346-partC1.jpg,4,0
GH-3916048138-partC1.jpg,1,0
GH-3939951411-partC1.jpg,2,0
GH-3940304303-partC1.jpg,1,0
GH-3942056479-partC1.jpg,1,0
GH-3943943563-partC1.jpg,3,0
GH-39485687-partC1.jpg,3,0
GH-3949575532-partC1.jpg,4,0
GH-3955456259-partC1.jpg,4,0
GH-3957866286-partC1.jpg,1,0
GH-3958553674-partC1.jpg,6,0
GH-3960227678-partC1.jpg,4,0
GH-3960903552-partC1.jpg,6,0
GH-39632622-partC1.jpg,3,0
GH-4016176466-partC1.jpg,4,0
GH-4018368967-partC1.jpg,0,0
GH-4022147398-partC1.jpg,6,0
GH-4022604998-partC1.jpg,7,0
GH-4029678235-partC1.jpg,2,0
GH-4038319800-partC1.jpg,5,0
GH-4041999476-partC1.jpg,5,0
GH-40421475-partC1.jpg,7,0
GH-4047923745-partC1.jpg,3,0
GH-4058453555-partC1.jpg,1,0
GH-4058516089-partC1.jpg,5,0
GH-4058518743-partC1.jpg,3,0
GH-4058561631-partC1.jpg,4,0
GH-40715701-partC1.jpg,2,0
GH-40933569-partC1.jpg,6,0
GH-41153528-partC1.jpg,2,0
GH-4120624694-partC1.jpg,0,0
GH-4129082913-partC1.jpg,4,0
GH-4140988818-partC1.jpg,5,0
GH-4142166772-partC1.jpg,2,0
GH-41427107-partC1.jpg,7,0
GH-4148473618-partC1.jpg,3,0
GH-4151756990-partC1.jpg,3,0
GH-4154137494-partC1.jpg,4,0
GH-4154418249-partC1.jpg,5,0
GH-4154635360-partC1.jpg,0,0
GH-4157151927-partC1.jpg,2,0
GH-4158661298-partC1.jpg,4,0
GH-4161675023-partC1.jpg,2,0
GH-41699619-partC1.jpg,3,0
GH-42018537-partC1.jpg,4,0
GH-4220541024-partC1.jpg,4,0
GH-4228165974-partC1.jpg,3,0
GH-42296067-partC1.jpg,2,0
GH-4241231286-partC1.jpg,7,0
GH-4241693823-partC1.jpg,5,0
GH-4249053839-partC1.jpg,4,0
GH-4249064541-partC1.jpg,6,0
GH-4249787993-partC1.jpg,5,0
GH-4250778638-partC1.jpg,4,0
GH-4251549775-partC1.jpg,7,0
GH-4255062035-partC1.jpg,2,0
GH-4257048819-partC1.jpg,2,0
GH-4260785084-partC1.jpg,4,0
GH-4261101103-partC1.jpg,3,0
GH-4315676868-partC1.jpg,5,0
GH-4317543147-partC1.jpg,5,0
GH-4318062945-partC1.jpg,6,0
GH-43197886-partC1.jpg,4,0
GH-43223237-partC1.jpg,4,0
GH-4333691416-partC1.jpg,4,0
GH-4338883435-partC1.jpg,7,0
GH-4339972777-partC1.jpg,3,0
GH-4342221674-partC1.jpg,5,0
GH-4345485072-partC1.jpg,3,0
GH-4349696591-partC1.jpg,5,0
GH-4356325527-partC1.jpg,6,0
GH-4358271844-partC1.jpg,6,0
GH-43597154-partC1.jpg,0,0
GH-4360549748-partC1.jpg,4,0
GH-44095710-partC1.jpg,1,0
GH-44158346-partC1.jpg,4,0
GH-4415904583-partC1.jpg,6,0
GH-4417533881-partC1.jpg,2,0
GH-4419843725-partC1.jpg,5,0
GH-4420168699-partC1.jpg,3,0
GH-4422287603-partC1.jpg,2,0
GH-4425224281-partC1.jpg,2,0
GH-4425769761-partC1.jpg,1,0
GH-4426317455-partC1.jpg,2,0
GH-4429991212-partC1.jpg,3,0
GH-4438087857-partC1.jpg,3,0
GH-4439269683-partC1.jpg,7,0
GH-4441654747-partC1.jpg,1,0
GH-4443296567-partC1.jpg,5,0
GH-4443683769-partC1.jpg,0,0
GH-4444321092-partC1.jpg,5,0
GH-4446829669-partC1.jpg,4,0
GH-4448861370-partC1.jpg,3,0
GH-44510929-partC1.jpg,0,0
GH-4451591216-partC1.jpg,4,0
GH-4453717685-partC1.jpg,2,0
GH-4454745050-partC1.jpg,0,0
GH-4456391291-partC1.jpg,6,0
GH-4457078760-partC1.jpg,4,0
GH-4458534860-partC1.jpg,4,0
GH-4459328704-partC1.jpg,2,0
GH-4522459203-partC1.jpg,6,0
GH-4524581482-partC1.jpg,1,0
GH-4529222483-partC1.jpg,3,0
GH-4536216735-partC1.jpg,5,0
GH-4538195379-partC1.jpg,5,0
GH-4541421157-partC1.jpg,7,0
GH-4541645864-partC1.jpg,2,0
GH-4546305596-partC1.jpg,6,0
GH-4547967874-partC1.jpg,0,0
GH-4548669173-partC1.jpg,2,0
GH-4551432160-partC1.jpg,5,0
GH-4555795775-partC1.jpg,1,0
GH-4561464561-partC1.jpg,7,0
GH-45810628-partC1.jpg,1,0
GH-45943941-partC1.jpg,6,0
GH-45958704-partC1.jpg,4,0
GH-46121023-partC1.jpg,3,0
GH-4616241165-partC1.jpg,6,0
GH-4619879535-partC1.jpg,0,0
GH-4622151331-partC1.jpg,0,0
GH-4624438100-partC1.jpg,2,0
GH-4626949905-partC1.jpg,2,0
GH-4627218720-partC1.jpg,5,0
GH-4632426826-partC1.jpg,5,0
GH-4634954598-partC1.jpg,3,0
GH-4635279990-partC1.jpg,2,0
GH-4635493860-partC1.jpg,4,0
GH-4637054982-partC1.jpg,2,0
GH-4640849426-partC1.jpg,0,0
GH-4642185672-partC1.jpg,0,0
GH-4642559961-partC1.jpg,5,0
GH-46427225-partC1.jpg,5,0
GH-4644547406-partC1.jpg,1,0
GH-4648762268-partC1.jpg,3,0
GH-4657363974-partC1.jpg,4,0
GH-4660868310-partC1.jpg,4,0
GH-4661218289-partC1.jpg,0,0
GH-46968745-partC1.jpg,0,0
GH-4720581060-partC1.jpg,2,0
GH-4729899781-partC1.jpg,0,0
GH-4739037950-partC1.jpg,3,0
GH-4743054848-partC1.jpg,5,0
GH-4747147696-partC1.jpg,5,0
GH-4751331517-partC1.jpg,5,0
GH-4754837384-partC1.jpg,6,0
GH-4757423394-partC1.jpg,4,0
GH-4758881127-partC1.jpg,3,0
GH-4758981811-partC1.jpg,0,0
GH-4761244806-partC1.jpg,3,0
GH-47931694-partC1.jpg,2,0
GH-4818852026-partC1.jpg,2,0
GH-4825175863-partC1.jpg,2,0
GH-48337125-partC1.jpg,5,0
GH-4842485211-partC1.jpg,0,0
GH-4843822619-partC1.jpg,6,0
GH-4849522029-partC1.jpg,2,0
GH-4850924914-partC1.jpg,4,0
GH-4851582024-partC1.jpg,2,0
GH-4852737680-partC1.jpg,2,0
GH-4857747589-partC1.jpg,2,0
GH-4857922719-partC1.jpg,4,0
GH-4860173343-partC1.jpg,0,0
GH-48896153-partC1.jpg,2,0
GH-4918098790-partC1.jpg,1,0
GH-4919736257-partC1.jpg,2,0
GH-4934705740-partC1.jpg,3,0
GH-4937679895-partC1.jpg,6,0
GH-4939196406-partC1.jpg,1,0
GH-4948754937-partC1.jpg,5,0
GH-4954921817-partC1.jpg,5,0
GH-4955051069-partC1.jpg,2,0
GH-4955981071-partC1.jpg,3,0
GH-4956682534-partC1.jpg,5,0
GH-4958586917-partC1.jpg,7,0
GH-4961334313-partC1.jpg,0,0
GH-49749923-partC1.jpg,5,0
GH-5019817832-partC1.jpg,7,0
GH-5028814783-partC1.jpg,1,0
GH-5032912256-partC1.jpg,5,0
GH-5044065901-partC1.jpg,2,0
GH-5049139858-partC1.jpg,1,0
GH-5050696815-partC1.jpg,4,0
GH-5052878744-partC1.jpg,3,0
GH-5054786195-partC1.jpg,2,0
GH-5057037383-partC1.jpg,0,0
GH-5057115467-partC1.jpg,2,0
GH-50574365-partC1.jpg,0,0
GH-5058009799-partC1.jpg,6,0
GH-5058938402-partC1.jpg,0,0
GH-5060477820-partC1.jpg,3,0
GH-5061238702-partC1.jpg,1,0
GH-50731081-partC1.jpg,6,0
GH-50940660-partC1.jpg,0,0
GH-51188079-partC1.jpg,5,0
GH-5119586057-partC1.jpg,0,0
GH-5124604714-partC1.jpg,2,0
GH-5127304881-partC1.jpg,1,0
GH-5128112197-partC1.jpg,0,0
GH-5130332219-partC1.jpg,1,0
GH-5133256760-partC1.jpg,0,0
GH-5134976240-partC1.jpg,5,0
GH-5136088407-partC1.jpg,0,0
GH-5137301270-partC1.jpg,4,0
GH-5138931547-partC1.jpg,0,0
GH-5142663955-partC1.jpg,7,0
GH-5152446927-partC1.jpg,2,0
GH-5152892530-partC1.jpg,2,0
GH-5155107305-partC1.jpg,3,0
GH-51556331-partC1.jpg,2,0
GH-5155773083-partC1.jpg,1,0
GH-5155938077-partC1.jpg,2,0
GH-5216813080-partC1.jpg,6,0
GH-5220971816-partC1.jpg,4,0
GH-5221394245-partC1.jpg,2,0
GH-5228167176-partC1.jpg,1,0
GH-5228356933-partC1.jpg,2,0
GH-52299290-partC1.jpg,0,0
GH-5238828978-partC1.jpg,5,0
GH-5242022607-partC1.jpg,4,0
GH-5247992754-partC1.jpg,0,0
GH-5248086395-partC1.jpg,6,0
GH-5249534096-partC1.jpg,5,0
GH-5251281767-partC1.jpg,4,0
GH-52548310-partC1.jpg,4,0
GH-5256666614-partC1.jpg,1,0
GH-5256799676-partC1.jpg,0,0
GH-5258437236-partC1.jpg,0,0
GH-5259144554-partC1.jpg,2,0
GH-5260586091-partC1.jpg,0,0
GH-5261283730-partC1.jpg,5,0
GH-52679737-partC1.jpg,4,0
GH-52695870-partC1.jpg,4,0
GH-5315705236-partC1.jpg,2,0
GH-5317503897-partC1.jpg,5,0
GH-5317877779-partC1.jpg,5,0
GH-5320496975-partC1.jpg,0,0
GH-5332403096-partC1.jpg,2,0
GH-5337316414-partC1.jpg,5,0
GH-5340499621-partC1.jpg,1,0
GH-5342009159-partC1.jpg,2,0
GH-5342307192-partC1.jpg,2,0
GH-5343753278-partC1.jpg,7,0
GH-5344809860-partC1.jpg,5,0
GH-53475696-partC1.jpg,1,0
GH-5348934915-partC1.jpg,1,0
GH-5349099410-partC1.jpg,0,0
GH-53534069-partC1.jpg,4,0
GH-5354342343-partC1.jpg,1,0
GH-5355198006-partC1.jpg,5,0
GH-5356236046-partC1.jpg,4,0
GH-5360322176-partC1.jpg,4,0
GH-5360359568-partC1.jpg,5,0
GH-5361309362-partC1.jpg,2,0
GH-5361391044-partC1.jpg,0,0
GH-54128557-partC1.jpg,2,0
GH-5417687570-partC1.jpg,4,0
GH-5420424543-partC1.jpg,0,0
GH-5422776055-partC1.jpg,0,0
GH-5432568697-partC1.jpg,1,0
GH-5437109047-partC1.jpg,1,0
GH-5437966394-partC1.jpg,7,0
GH-5439663966-partC1.jpg,7,0
GH-5444025484-partC1.jpg,6,0
GH-5447047977-partC1.jpg,7,0
GH-5448534398-partC1.jpg,2,0
GH-5448579514-partC1.jpg,0,0
GH-5450457323-partC1.jpg,1,0
GH-5456986984-partC1.jpg,2,0
GH-5459218782-partC1.jpg,1,0
GH-5518416329-partC1.jpg,4,0
GH-5518779015-partC1.jpg,4,0
GH-5519562317-partC1.jpg,5,0
GH-5525782711-partC1.jpg,1,0
GH-5528267506-partC1.jpg,5,0
GH-5529626700-partC1.jpg,1,0
GH-5532632275-partC1.jpg,6,0
GH-5536825216-partC1.jpg,6,0
GH-5536832234-partC1.jpg,3,0
GH-5540456591-partC1.jpg,2,0
GH-5544914239-partC1.jpg,0,0
GH-5550866917-partC1.jpg,0,0
GH-5553663091-partC1.jpg,6,0
GH-5554776215-partC1.jpg,2,0
GH-5555807150-partC1.jpg,6,0
GH-5558369198-partC1.jpg,3,0
GH-56072857-partC1.jpg,0,0
GH-5621605727-partC1.jpg,5,0
GH-5627196758-partC1.jpg,1,0
GH-5635589353-partC1.jpg,1,0
GH-5637148156-partC1.jpg,5,0
GH-56377400-partC1.jpg,1,0
GH-5638023556-partC1.jpg,5,0
GH-5639466990-partC1.jpg,2,0
GH-5640265587-partC1.jpg,5,0
GH-5640608039-partC1.jpg,3,0
GH-5640904599-partC1.jpg,5,0
GH-5645688423-partC1.jpg,2,0
GH-5648725997-partC1.jpg,2,0
GH-5655871766-partC1.jpg,2,0
GH-5656001297-partC1.jpg,6,0
GH-5658352746-partC1.jpg,0,0
GH-5658704714-partC1.jpg,0,0
GH-5660883902-partC1.jpg,6,0
GH-56679710-partC1.jpg,6,0
GH-56836973-partC1.jpg,5,0
GH-5720912165-partC1.jpg,6,0
GH-5721412068-partC1.jpg,3,0
GH-5722709156-partC1.jpg,4,0
GH-5733774173-partC1.jpg,5,0
GH-5739008861-partC1.jpg,4,0
GH-5739021605-partC1.jpg,3,0
GH-5745039605-partC1.jpg,0,0
GH-5745969246-partC1.jpg,2,0
GH-5746975270-partC1.jpg,2,0
GH-5756994337-partC1.jpg,3,0
GH-5758081442-partC1.jpg,3,0
GH-5758612605-partC1.jpg,5,0
GH-5760237713-partC1.jpg,2,0
GH-5761086675-partC1.jpg,2,0
GH-57675940-partC1.jpg,5,0
GH-57999264-partC1.jpg,4,0
GH-5820959180-partC1.jpg,3,0
GH-5827262847-partC1.jpg,6,0
GH-5834834789-partC1.jpg,5,0
GH-5836193357-partC1.jpg,0,0
GH-5842176745-partC1.jpg,1,0
GH-5843394608-partC1.jpg,7,0
GH-5855265381-partC1.jpg,6,0
GH-5856297979-partC1.jpg,1,0
GH-5858826768-partC1.jpg,5,0
GH-5860871039-partC1.jpg,6,0
GH-5921323834-partC1.jpg,2,0
GH-5924871259-partC1.jpg,4,0
GH-5927262243-partC1.jpg,4,0
GH-5927588612-partC1.jpg,6,0
GH-5934292210-partC1.jpg,6,0
GH-5935655885-partC1.jpg,3,0
GH-5936839587-partC1.jpg,7,0
GH-5939447665-partC1.jpg,2,0
GH-5940325341-partC1.jpg,1,0
GH-5941369272-partC1.jpg,3,0
GH-5948715878-partC1.jpg,2,0
GH-5951808601-partC1.jpg,6,0
GH-5956213648-partC1.jpg,5,0
GH-5956342816-partC1.jpg,4,0
GH-5958414652-partC1.jpg,5,0
GH-5958453205-partC1.jpg,2,0
GH-5958461966-partC1.jpg,0,0
GH-5960294126-partC1.jpg,3,0
GH-59687267-partC1.jpg,3,0
GH-60082209-partC1.jpg,5,0
GH-6018445572-partC1.jpg,0,0
GH-6018478783-partC1.jpg,6,0
GH-6020796014-partC1.jpg,2,0
GH-6021188181-partC1.jpg,0,0
GH-6029278880-partC1.jpg,7,0
GH-6036418277-partC1.jpg,3,0
GH-6038637359-partC1.jpg,5,0
GH-6040378060-partC1.jpg,2,0
GH-6043427870-partC1.jpg,3,0
GH-6043854202-partC1.jpg,5,0
GH-6044486425-partC1.jpg,0,0
GH-6048807305-partC1.jpg,3,0
GH-6054679802-partC1.jpg,0,0
GH-6055757222-partC1.jpg,5,0
GH-6122274751-partC1.jpg,6,0
GH-6127527319-partC1.jpg,5,0
GH-6130831600-partC1.jpg,5,0
GH-6134196172-partC1.jpg,5,0
GH-6136563160-partC1.jpg,6,0
GH-6139012611-partC1.jpg,1,0
GH-6140835559-partC1.jpg,6,0
GH-6145003876-partC1.jpg,2,0
GH-6145331221-partC1.jpg,2,0
GH-6145457224-partC1.jpg,7,0
GH-6150249502-partC1.jpg,6,0
GH-6155512751-partC1.jpg,5,0
GH-6157116201-partC1.jpg,6,0
GH-61585596-partC1.jpg,5,0
GH-6161006587-partC1.jpg,1,0
GH-6161051211-partC1.jpg,5,0
GH-61836247-partC1.jpg,0,0
GH-6217073361-partC1.jpg,6,0
GH-6222101176-partC1.jpg,6,0
GH-6236771397-partC1.jpg,4,0
GH-6245117092-partC1.jpg,3,0
GH-6246572943-partC1.jpg,6,0
GH-6247883776-partC1.jpg,5,0
GH-6251594462-partC1.jpg,6,0
GH-6253373490-partC1.jpg,1,0
GH-6256033483-partC1.jpg,0,0
GH-6258221980-partC1.jpg,1,0
GH-62586091-partC1.jpg,3,0
GH-6259129993-partC1.jpg,4,0
GH-6261443877-partC1.jpg,1,0
GH-6261703995-partC1.jpg,2,0
GH-6317113926-partC1.jpg,0,0
GH-6323639856-partC1.jpg,0,0
GH-6324952640-partC1.jpg,3,0
GH-6328834708-partC1.jpg,6,0
GH-6331977900-partC1.jpg,1,0
GH-6347126239-partC1.jpg,6,0
GH-6347246724-partC1.jpg,2,0
GH-6348871100-partC1.jpg,3,0
GH-6349462589-partC1.jpg,6,0
GH-6352429158-partC1.jpg,3,0
GH-6355476468-partC1.jpg,1,0
GH-6356556798-partC1.jpg,5,0
GH-6361395228-partC1.jpg,6,0
GH-6361421412-partC1.jpg,4,0
GH-63895423-partC1.jpg,3,0
GH-6422631096-partC1.jpg,6,0
GH-6427087301-partC1.jpg,0,0
GH-6434582796-partC1.jpg,2,0
GH-6438919040-partC1.jpg,4,0
GH-6445729742-partC1.jpg,2,0
GH-6454192306-partC1.jpg,2,0
GH-6457943210-partC1.jpg,3,0
GH-64599910-partC1.jpg,0,0
GH-6460458259-partC1.jpg,0,0
GH-6460508774-partC1.jpg,2,0
GH-6460679384-partC1.jpg,3,0
GH-6517804174-partC1.jpg,0,0
GH-6527683199-partC1.jpg,5,0
GH-6532304932-partC1.jpg,2,0
GH-6533725645-partC1.jpg,4,0
GH-6537705898-partC1.jpg,4,0
GH-6539526171-partC1.jpg,4,0
GH-6543305567-partC1.jpg,0,0
GH-6543527193-partC1.jpg,6,0
GH-6544116790-partC1.jpg,7,0
GH-6546815597-partC1.jpg,0,0
GH-6553808528-partC1.jpg,3,0
GH-6617358223-partC1.jpg,2,0
GH-6621492613-partC1.jpg,1,0
GH-66253887-partC1.jpg,2,0
GH-66286653-partC1.jpg,7,0
GH-6632297196-partC1.jpg,0,0
GH-6632329199-partC1.jpg,6,0
GH-6633005924-partC1.jpg,5,0
GH-6633338200-partC1.jpg,7,0
GH-6634117015-partC1.jpg,1,0
GH-6634334896-partC1.jpg,3,0
GH-6635228961-partC1.jpg,4,0
GH-6635665441-partC1.jpg,2,0
GH-6639054865-partC1.jpg,5,0
GH-6649403032-partC1.jpg,1,0
GH-6650757583-partC1.jpg,2,0
GH-6654086722-partC1.jpg,0,0
GH-6657822275-partC1.jpg,5,0
GH-6658254584-partC1.jpg,3,0
GH-6658892339-partC1.jpg,3,0
GH-6660243683-partC1.jpg,3,0
GH-66673639-partC1.jpg,4,0
GH-66741638-partC1.jpg,2,0
GH-6715965279-partC1.jpg,2,0
GH-6721441792-partC1.jpg,5,0
GH-67286331-partC1.jpg,5,0
GH-6732962254-partC1.jpg,0,0
GH-6735135162-partC1.jpg,5,0
GH-6736046639-partC1.jpg,6,0
GH-6738263351-partC1.jpg,5,0
GH-6739456807-partC1.jpg,7,0
GH-6745436575-partC1.jpg,0,0
GH-6748623941-partC1.jpg,1,0
GH-6750399503-partC1.jpg,7,0
GH-6750578917-partC1.jpg,2,0
GH-6751636982-partC1.jpg,3,0
GH-6753171183-partC1.jpg,7,0
GH-6754014892-partC1.jpg,0,0
GH-6754124000-partC1.jpg,6,0
GH-6754861366-partC1.jpg,2,0
GH-6756126973-partC1.jpg,5,0
GH-6760305098-partC1.jpg,2,0
GH-6761531769-partC1.jpg,3,0
GH-67668501-partC1.jpg,3,0
GH-6816928290-partC1.jpg,5,0
GH-6819282629-partC1.jpg,6,0
GH-6819311933-partC1.jpg,5,0
GH-6821517646-partC1.jpg,1,0
GH-6829992664-partC1.jpg,1,0
GH-6833272915-partC1.jpg,6,0
GH-6833409450-partC1.jpg,2,0
GH-6841465627-partC1.jpg,5,0
GH-6844263260-partC1.jpg,0,0
GH-6845179928-partC1.jpg,2,0
GH-68453202-partC1.jpg,6,0
GH-6845517740-partC1.jpg,0,0
GH-6847617877-partC1.jpg,1,0
GH-6853786681-partC1.jpg,2,0
GH-6856492974-partC1.jpg,6,0
GH-6859052558-partC1.jpg,3,0
GH-6860317665-partC1.jpg,5,0
GH-68965519-partC1.jpg,6,0
GH-6932182883-partC1.jpg,1,0
GH-69330383-partC1.jpg,7,0
GH-6933386049-partC1.jpg,0,0
GH-6937289900-partC1.jpg,2,0
GH-6937772804-partC1.jpg,7,0
GH-6940242131-partC1.jpg,4,0
GH-69429335-partC1.jpg,7,0
GH-6946861639-partC1.jpg,2,0
GH-6951722972-partC1.jpg,2,0
GH-6952366693-partC1.jpg,2,0
GH-6952691587-partC1.jpg,0,0
GH-6952733480-partC1.jpg,5,0
GH-6952974598-partC1.jpg,0,0
GH-6954731217-partC1.jpg,3,0
GH-6958485231-partC1.jpg,3,0
GH-6958597861-partC1.jpg,3,0
GH-6961195123-partC1.jpg,1,0
GH-69669199-partC1.jpg,5,0
GH-7024552064-partC1.jpg,0,0
GH-7029488930-partC1.jpg,4,0
GH-7029733280-partC1.jpg,2,0
GH-7034052661-partC1.jpg,3,0
GH-7034221959-partC1.jpg,5,0
GH-7039704922-partC1.jpg,0,0
GH-7040965722-partC1.jpg,0,0
GH-7043909936-partC1.jpg,4,0
GH-70520234-partC1.jpg,4,0
GH-7052614796-partC1.jpg,6,0
GH-7053531444-partC1.jpg,4,0
GH-7055511025-partC1.jpg,0,0
GH-7058748057-partC1.jpg,6,0
GH-7116092880-partC1.jpg,1,0
GH-7128234610-partC1.jpg,5,0
GH-7128418382-partC1.jpg,4,0
GH-7134133261-partC1.jpg,5,0
GH-7135989880-partC1.jpg,4,0
GH-7139273085-partC1.jpg,1,0
GH-7140646887-partC1.jpg,5,0
GH-7146121792-partC1.jpg,4,0
GH-7147412589-partC1.jpg,6,0
GH-7148347505-partC1.jpg,6,0
GH-7148735258-partC1.jpg,3,0
GH-7151122658-partC1.jpg,5,0
GH-7151221126-partC1.jpg,6,0
GH-7155098656-partC1.jpg,4,0
GH-7156614398-partC1.jpg,2,0
GH-7158548060-partC1.jpg,3,0
GH-7161225312-partC1.jpg,5,0
GH-7161647305-partC1.jpg,2,0
GH-71985480-partC1.jpg,4,0
GH-7223951517-partC1.jpg,0,0
GH-7226597891-partC1.jpg,2,0
GH-7229756852-partC1.jpg,6,0
GH-7229822443-partC1.jpg,0,0
GH-7230788768-partC1.jpg,2,0
GH-7230963616-partC1.jpg,5,0
GH-7234401057-partC1.jpg,2,0
GH-7235281872-partC1.jpg,7,0
GH-7238845429-partC1.jpg,0,0
GH-7244456938-partC1.jpg,4,0
GH-7245915006-partC1.jpg,4,0
GH-7246413159-partC1.jpg,0,0
GH-7249572755-partC1.jpg,0,0
GH-7251344747-partC1.jpg,2,0
GH-7252439279-partC1.jpg,4,0
GH-7258097909-partC1.jpg,4,0
GH-7260272829-partC1.jpg,1,0
GH-7260718813-partC1.jpg,7,0
GH-72974361-partC1.jpg,2,0
GH-7316953883-partC1.jpg,5,0
GH-7329837923-partC1.jpg,2,0
GH-7336437315-partC1.jpg,6,0
GH-7339177409-partC1.jpg,6,0
GH-7344503694-partC1.jpg,7,0
GH-7349241229-partC1.jpg,2,0
GH-7352121386-partC1.jpg,2,0
GH-7353127779-partC1.jpg,5,0
GH-7354552794-partC1.jpg,4,0
GH-7355928549-partC1.jpg,4,0
GH-7357167111-partC1.jpg,5,0
GH-7357317203-partC1.jpg,6,0
GH-7358012914-partC1.jpg,6,0
GH-7358314151-partC1.jpg,2,0
GH-7359012912-partC1.jpg,7,0
GH-7359264003-partC1.jpg,2,0
GH-7360827436-partC1.jpg,1,0
GH-73872770-partC1.jpg,7,0
GH-74047067-partC1.jpg,7,0
GH-7417264001-partC1.jpg,7,0
GH-7420835012-partC1.jpg,7,0
GH-7421089627-partC1.jpg,3,0
GH-7423298919-partC1.jpg,5,0
GH-7429308075-partC1.jpg,3,0
GH-7429547943-partC1.jpg,4,0
GH-7432462126-partC1.jpg,1,0
GH-7434233122-partC1.jpg,4,0
GH-7434575170-partC1.jpg,6,0
GH-7437472167-partC1.jpg,0,0
GH-7442331254-partC1.jpg,4,0
GH-7443169864-partC1.jpg,5,0
GH-7443677906-partC1.jpg,3,0
GH-7447606166-partC1.jpg,1,0
GH-7449569119-partC1.jpg,0,0
GH-7454796683-partC1.jpg,5,0
GH-74580204-partC1.jpg,4,0
GH-7460145935-partC1.jpg,5,0
GH-7460169549-partC1.jpg,2,0
GH-7460363210-partC1.jpg,5,0
GH-7460603226-partC1.jpg,3,0
GH-7461347117-partC1.jpg,3,0
GH-7461498985-partC1.jpg,7,0
GH-7461629032-partC1.jpg,1,0
GH-74732422-partC1.jpg,4,0
GH-75159958-partC1.jpg,1,0
GH-7526719189-partC1.jpg,0,0
GH-7528004419-partC1.jpg,6,0
GH-7528536420-partC1.jpg,4,0
GH-7539779942-partC1.jpg,7,0
GH-7550417508-partC1.jpg,1,0
GH-7555202227-partC1.jpg,2,0
GH-7559036252-partC1.jpg,5,0
GH-7616315107-partC1.jpg,0,0
GH-7616346957-partC1.jpg,1,0
GH-7618178383-partC1.jpg,7,0
GH-7619018610-partC1.jpg,4,0
GH-7619605837-partC1.jpg,3,0
GH-7629797738-partC1.jpg,1,0
GH-7632367494-partC1.jpg,5,0
GH-7635173292-partC1.jpg,4,0
GH-7635857213-partC1.jpg,4,0
GH-7636427572-partC1.jpg,7,0
GH-7637913420-partC1.jpg,4,0
GH-7638907370-partC1.jpg,3,0
GH-7647136443-partC1.jpg,1,0
GH-7647872236-partC1.jpg,4,0
GH-7650719056-partC1.jpg,3,0
GH-7655044224-partC1.jpg,1,0
GH-7655416391-partC1.jpg,4,0
GH-7656425005-partC1.jpg,1,0
GH-7658111568-partC1.jpg,7,0
GH-7658829832-partC1.jpg,6,0
GH-76924192-partC1.jpg,2,0
GH-7716264427-partC1.jpg,1,0
GH-7718151602-partC1.jpg,2,0
GH-7719535373-partC1.jpg,5,0
GH-7729985302-partC1.jpg,5,0
GH-7734493657-partC1.jpg,2,0
GH-77345522-partC1.jpg,2,0
GH-77387211-partC1.jpg,0,0
GH-7740857618-partC1.jpg,5,0
GH-7743508821-partC1.jpg,4,0
GH-7744341499-partC1.jpg,1,0
GH-7745992694-partC1.jpg,2,0
GH-7746201561-partC1.jpg,1,0
GH-7747749996-partC1.jpg,1,0
GH-7747761759-partC1.jpg,5,0
GH-7751468967-partC1.jpg,3,0
GH-7752982062-partC1.jpg,5,0
GH-7753609607-partC1.jpg,0,0
GH-7754751056-partC1.jpg,6,0
GH-7758432942-partC1.jpg,3,0
GH-7758645032-partC1.jpg,6,0
GH-7758973295-partC1.jpg,4,0
GH-7761457056-partC1.jpg,1,0
GH-7816433331-partC1.jpg,5,0
GH-7816439332-partC1.jpg,3,0
GH-7821127818-partC1.jpg,0,0
GH-7821341630-partC1.jpg,4,0
GH-78240545-partC1.jpg,2,0
GH-7825498370-partC1.jpg,2,0
GH-7826992324-partC1.jpg,6,0
GH-7828975320-partC1.jpg,3,0
GH-7838648927-partC1.jpg,4,0
GH-7842178976-partC1.jpg,3,0
GH-7848313471-partC1.jpg,4,0
GH-7849306484-partC1.jpg,5,0
GH-7851453793-partC1.jpg,1,0
GH-7851488953-partC1.jpg,0,0
GH-7853403587-partC1.jpg,5,0
GH-7853898721-partC1.jpg,3,0
GH-7855603601-partC1.jpg,6,0
GH-7855746583-partC1.jpg,4,0
GH-7858118433-partC1.jpg,2,0
GH-7859295194-partC1.jpg,0,0
GH-7860418484-partC1.jpg,6,0
GH-78856985-partC1.jpg,0,0
GH-7917591818-partC1.jpg,5,0
GH-7918439798-partC1.jpg,2,0
GH-7918614870-partC1.jpg,5,0
GH-7923726573-partC1.jpg,6,0
GH-7927897741-partC1.jpg,0,0
GH-7928569221-partC1.jpg,2,0
GH-7929092195-partC1.jpg,5,0
GH-7934954109-partC1.jpg,5,0
GH-7935353583-partC1.jpg,3,0
GH-7935419824-partC1.jpg,6,0
GH-7941714760-partC1.jpg,2,0
GH-7941782647-partC1.jpg,2,0
GH-7944388521-partC1.jpg,6,0
GH-7947976826-partC1.jpg,6,0
GH-7956278085-partC1.jpg,3,0
GH-7957359931-partC1.jpg,4,0
GH-7960411903-partC1.jpg,6,0
GH-7960579726-partC1.jpg,2,0
GH-79654898-partC1.jpg,0,0
GH-80092147-partC1.jpg,2,0
GH-8017486820-partC1.jpg,6,0
GH-8023228201-partC1.jpg,0,0
GH-80248247-partC1.jpg,2,0
GH-8040471035-partC1.jpg,2,0
GH-8041926690-partC1.jpg,5,0
GH-8047685093-partC1.jpg,3,0
GH-8053224205-partC1.jpg,5,0
GH-8054397583-partC1.jpg,4,0
GH-8054929085-partC1.jpg,5,0
GH-8056281048-partC1.jpg,6,0
GH-8056821176-partC1.jpg,7,0
GH-8057701405-partC1.jpg,0,0
GH-80782411-partC1.jpg,1,0
GH-8123915526-partC1.jpg,5,0
GH-8130154324-partC1.jpg,5,0
GH-8132672966-partC1.jpg,0,0
GH-8138671664-partC1.jpg,6,0
GH-8139724422-partC1.jpg,4,0
GH-8141589486-partC1.jpg,5,0
GH-8142062661-partC1.jpg,4,0
GH-8143588942-partC1.jpg,0,0
GH-81444957-partC1.jpg,2,0
GH-8146484075-partC1.jpg,5,0
GH-8149412052-partC1.jpg,3,0
GH-8153692770-partC1.jpg,1,0
GH-8156842269-partC1.jpg,4,0
GH-8157645325-partC1.jpg,4,0
GH-8220782632-partC1.jpg,3,0
GH-8222725613-partC1.jpg,4,0
GH-8238066777-partC1.jpg,1,0
GH-8239882807-partC1.jpg,2,0
GH-8245822026-partC1.jpg,5,0
GH-8248025812-partC1.jpg,7,0
GH-8250491957-partC1.jpg,2,0
GH-8252056937-partC1.jpg,2,0
GH-8252884822-partC1.jpg,2,0
GH-8253305939-partC1.jpg,2,0
GH-8256469839-partC1.jpg,5,0
GH-8256675538-partC1.jpg,2,0
GH-8256974728-partC1.jpg,5,0
GH-8257791644-partC1.jpg,4,0
GH-8258236630-partC1.jpg,7,0
GH-8260745177-partC1.jpg,3,0
GH-82778158-partC1.jpg,5,0
GH-83052862-partC1.jpg,4,0
GH-8318189361-partC1.jpg,4,0
GH-8327506274-partC1.jpg,1,0
GH-8328175744-partC1.jpg,0,0
GH-8328582919-partC1.jpg,4,0
GH-8334962550-partC1.jpg,1,0
GH-8339314096-partC1.jpg,5,0
GH-8339558615-partC1.jpg,5,0
GH-8340562797-partC1.jpg,5,0
GH-8348595759-partC1.jpg,2,0
GH-8354706653-partC1.jpg,7,0
GH-8358249958-partC1.jpg,2,0
GH-8360563519-partC1.jpg,2,0
GH-8360814871-partC1.jpg,6,0
GH-83674202-partC1.jpg,1,0
GH-84053921-partC1.jpg,2,0
GH-8420471873-partC1.jpg,4,0
GH-8421824416-partC1.jpg,0,0
GH-8425692250-partC1.jpg,5,0
GH-8426646438-partC1.jpg,5,0
GH-8428341671-partC1.jpg,2,0
GH-8428858580-partC1.jpg,4,0
GH-8429255705-partC1.jpg,5,0
GH-8430129492-partC1.jpg,1,0
GH-8441499456-partC1.jpg,5,0
GH-8445305484-partC1.jpg,2,0
GH-8445841959-partC1.jpg,2,0
GH-8449623597-partC1.jpg,0,0
GH-84518793-partC1.jpg,4,0
GH-8452084685-partC1.jpg,4,0
GH-8454155567-partC1.jpg,5,0
GH-8457272096-partC1.jpg,0,0
GH-8458099955-partC1.jpg,6,0
GH-8460342984-partC1.jpg,6,0
GH-84913286-partC1.jpg,4,0
GH-84998995-partC1.jpg,7,0
GH-8518347283-partC1.jpg,4,0
GH-8527445066-partC1.jpg,4,0
GH-8528737925-partC1.jpg,1,0
GH-8530319720-partC1.jpg,4,0
GH-8536144371-partC1.jpg,2,0
GH-8537812817-partC1.jpg,5,0
GH-8541074797-partC1.jpg,0,0
GH-8541206327-partC1.jpg,0,0
GH-8542108929-partC1.jpg,0,0
GH-8544739206-partC1.jpg,2,0
GH-8551605915-partC1.jpg,2,0
GH-8553213422-partC1.jpg,2,0
GH-8553295692-partC1.jpg,2,0
GH-8555147604-partC1.jpg,3,0
GH-85569328-partC1.jpg,6,0
GH-8557235917-partC1.jpg,1,0
GH-8557677261-partC1.jpg,2,0
GH-8558277680-partC1.jpg,2,0
GH-8561588916-partC1.jpg,0,0
GH-86115389-partC1.jpg,0,0
GH-8615807422-partC1.jpg,6,0
GH-8621521941-partC1.jpg,7,0
GH-8622115460-partC1.jpg,5,0
GH-8627802723-partC1.jpg,0,0
GH-8631992566-partC1.jpg,1,0
GH-8635131205-partC1.jpg,7,0
GH-8637695687-partC1.jpg,3,0
GH-8642314774-partC1.jpg,2,0
GH-8651666773-partC1.jpg,3,0
GH-8651939008-partC1.jpg,4,0
GH-8655002424-partC1.jpg,1,0
GH-8656075480-partC1.jpg,5,0
GH-8656636098-partC1.jpg,2,0
GH-8657201985-partC1.jpg,3,0
GH-8657556689-partC1.jpg,5,0
GH-8658266239-partC1.jpg,3,0
GH-86926872-partC1.jpg,1,0
GH-87187443-partC1.jpg,2,0
GH-8725952299-partC1.jpg,7,0
GH-8729316442-partC1.jpg,2,0
GH-8733348627-partC1.jpg,1,0
GH-87366556-partC1.jpg,7,0
GH-8739221561-partC1.jpg,1,0
GH-8743471251-partC1.jpg,7,0
GH-8746022806-partC1.jpg,2,0
GH-8748612720-partC1.jpg,2,0
GH-8753393098-partC1.jpg,1,0
GH-8753818493-partC1.jpg,5,0
GH-8754617290-partC1.jpg,2,0
GH-8756065728-partC1.jpg,3,0
GH-8756801304-partC1.jpg,7,0
GH-8757148463-partC1.jpg,2,0
GH-8757412998-partC1.jpg,4,0
GH-8758693830-partC1.jpg,2,0
GH-8759014468-partC1.jpg,6,0
GH-88079248-partC1.jpg,0,0
GH-8816398657-partC1.jpg,5,0
GH-8819251666-partC1.jpg,0,0
GH-8820141683-partC1.jpg,5,0
GH-8823692479-partC1.jpg,4,0
GH-8824721007-partC1.jpg,5,0
GH-88247998-partC1.jpg,4,0
GH-8828672804-partC1.jpg,2,0
GH-8830427044-partC1.jpg,5,0
GH-8833353854-partC1.jpg,0,0
GH-8838987026-partC1.jpg,7,0
GH-8839631394-partC1.jpg,2,0
GH-8842821591-partC1.jpg,6,0
GH-8843626748-partC1.jpg,4,0
GH-8844275195-partC1.jpg,6,0
GH-8846186298-partC1.jpg,2,0
GH-8847164652-partC1.jpg,4,0
GH-8847421244-partC1.jpg,1,0
GH-8850681247-partC1.jpg,1,0
GH-8853143657-partC1.jpg,2,0
GH-8854963676-partC1.jpg,1,0
GH-8858311275-partC1.jpg,4,0
GH-8858531357-partC1.jpg,2,0
GH-8859221377-partC1.jpg,6,0
GH-8860763735-partC1.jpg,1,0
GH-8860846631-partC1.jpg,4,0
GH-88678169-partC1.jpg,5,0
GH-88944825-partC1.jpg,5,0
GH-8915817046-partC1.jpg,4,0
GH-8916399614-partC1.jpg,2,0
GH-8921004555-partC1.jpg,0,0
GH-8925826444-partC1.jpg,3,0
GH-8928224100-partC1.jpg,3,0
GH-8933742977-partC1.jpg,5,0
GH-8933903808-partC1.jpg,3,0
GH-8934883232-partC1.jpg,5,0
GH-8937892251-partC1.jpg,2,0
GH-8938629202-partC1.jpg,5,0
GH-8939934604-partC1.jpg,4,0
GH-8946106027-partC1.jpg,5,0
GH-8947331966-partC1.jpg,0,0
GH-8950225932-partC1.jpg,2,0
GH-8950884967-partC1.jpg,3,0
GH-8957996703-partC1.jpg,3,0
GH-8958766426-partC1.jpg,5,0
GH-8960793670-partC1.jpg,7,0
GH-8960895340-partC1.jpg,2,0
GH-89858606-partC1.jpg,4,0
GH-90095905-partC1.jpg,7,0
GH-9017358492-partC1.jpg,3,0
GH-9022503728-partC1.jpg,0,0
GH-9022837019-partC1.jpg,5,0
GH-9030144843-partC1.jpg,5,0
GH-9032605454-partC1.jpg,5,0
GH-9033596050-partC1.jpg,6,0
GH-9035809587-partC1.jpg,7,0
GH-9035958511-partC1.jpg,6,0
GH-9044365850-partC1.jpg,3,0
GH-9045873844-partC1.jpg,0,0
GH-9046141634-partC1.jpg,0,0
GH-9048947502-partC1.jpg,4,0
GH-9049106023-partC1.jpg,0,0
GH-9050492227-partC1.jpg,4,0
GH-9053953432-partC1.jpg,5,0
GH-9054362416-partC1.jpg,1,0
GH-9056106518-partC1.jpg,6,0
GH-9057085971-partC1.jpg,1,0
GH-9059003109-partC1.jpg,3,0
GH-9060992885-partC1.jpg,5,0
GH-9116062855-partC1.jpg,4,0
GH-9118423450-partC1.jpg,6,0
GH-9118653729-partC1.jpg,0,0
GH-9123141393-partC1.jpg,5,0
GH-9123287710-partC1.jpg,4,0
GH-9128168761-partC1.jpg,6,0
GH-9131563133-partC1.jpg,4,0
GH-9131634564-partC1.jpg,5,0
GH-9134107803-partC1.jpg,4,0
GH-9137875400-partC1.jpg,2,0
GH-9141483077-partC1.jpg,3,0
GH-9142478215-partC1.jpg,6,0
GH-9142958604-partC1.jpg,0,0
GH-9143288493-partC1.jpg,5,0
GH-9145887094-partC1.jpg,5,0
GH-9149619111-partC1.jpg,6,0
GH-9150817405-partC1.jpg,7,0
GH-9153977773-partC1.jpg,1,0
GH-9154629649-partC1.jpg,6,0
GH-9156359908-partC1.jpg,2,0
GH-9158161937-partC1.jpg,1,0
GH-9161474260-partC1.jpg,4,0
GH-91693663-partC1.jpg,2,0
GH-9217566039-partC1.jpg,1,0
GH-9220747859-partC1.jpg,5,0
GH-9221759445-partC1.jpg,6,0
GH-9235602227-partC1.jpg,5,0
GH-9239698405-partC1.jpg,3,0
GH-9243121641-partC1.jpg,4,0
GH-9244841919-partC1.jpg,4,0
GH-9245802896-partC1.jpg,4,0
GH-9247644762-partC1.jpg,6,0
GH-9247698012-partC1.jpg,2,0
GH-9247942318-partC1.jpg,4,0
GH-9248141592-partC1.jpg,2,0
GH-9248997541-partC1.jpg,4,0
GH-9250905551-partC1.jpg,6,0
GH-9256337559-partC1.jpg,7,0
GH-9258146664-partC1.jpg,0,0
GH-92821695-partC1.jpg,0,0
GH-9318684352-partC1.jpg,5,0
GH-9327997524-partC1.jpg,3,0
GH-9336859145-partC1.jpg,1,0
GH-9338131567-partC1.jpg,1,0
GH-9339877770-partC1.jpg,4,0
GH-9342132759-partC1.jpg,6,0
GH-9345554513-partC1.jpg,2,0
GH-93549900-partC1.jpg,2,0
GH-9358296083-partC1.jpg,5,0
GH-9360208821-partC1.jpg,0,0
GH-9360925491-partC1.jpg,5,0
GH-93794388-partC1.jpg,2,0
GH-93864024-partC1.jpg,7,0
GH-9419143730-partC1.jpg,4,0
GH-9428709221-partC1.jpg,4,0
GH-9433395721-partC1.jpg,2,0
GH-9438405969-partC1.jpg,5,0
GH-9447988293-partC1.jpg,7,0
GH-9452623474-partC1.jpg,6,0
GH-9453072691-partC1.jpg,2,0
GH-94549431-partC1.jpg,4,0
GH-9456734027-partC1.jpg,4,0
GH-9461314391-partC1.jpg,1,0
GH-9516562192-partC1.jpg,2,0
GH-9532814996-partC1.jpg,6,0
GH-9535685027-partC1.jpg,0,0
GH-9536162090-partC1.jpg,3,0
GH-9538249811-partC1.jpg,5,0
GH-9547327853-partC1.jpg,7,0
GH-9548466553-partC1.jpg,1,0
GH-9549312382-partC1.jpg,3,0
GH-9550961419-partC1.jpg,4,0
GH-9552723858-partC1.jpg,0,0
GH-9558688291-partC1.jpg,6,0
GH-95624808-partC1.jpg,3,0
GH-95633198-partC1.jpg,4,0
GH-95873920-partC1.jpg,7,0
GH-9618941447-partC1.jpg,6,0
GH-9621124289-partC1.jpg,0,0
GH-9632357652-partC1.jpg,1,0
GH-9637568535-partC1.jpg,6,0
GH-9637675720-partC1.jpg,2,0
GH-9640314125-partC1.jpg,2,0
GH-9640421809-partC1.jpg,1,0
GH-9645159175-partC1.jpg,0,0
GH-9647545413-partC1.jpg,2,0
GH-9650121625-partC1.jpg,7,0
GH-9652411412-partC1.jpg,1,0
GH-9653527736-partC1.jpg,0,0
GH-9657325586-partC1.jpg,1,0
GH-9658781948-partC1.jpg,7,0
GH-96925948-partC1.jpg,2,0
GH-9716647922-partC1.jpg,2,0
GH-9716749772-partC1.jpg,5,0
GH-9722842086-partC1.jpg,1,0
GH-97247161-partC1.jpg,4,0
GH-9727917445-partC1.jpg,7,0
GH-9733943154-partC1.jpg,3,0
GH-9737174397-partC1.jpg,0,0
GH-9738618133-partC1.jpg,0,0
GH-9739065951-partC1.jpg,6,0
GH-9739757293-partC1.jpg,1,0
GH-9743545780-partC1.jpg,6,0
GH-9743859920-partC1.jpg,3,0
GH-9745359117-partC1.jpg,4,0
GH-9745442358-partC1.jpg,7,0
GH-9752487992-partC1.jpg,4,0
GH-9755724452-partC1.jpg,4,0
GH-9758502934-partC1.jpg,5,0
GH-97590787-partC1.jpg,6,0
GH-9817818847-partC1.jpg,0,0
GH-9823362948-partC1.jpg,2,0
GH-9824953269-partC1.jpg,7,0
GH-9827945898-partC1.jpg,1,0
GH-9836588431-partC1.jpg,0,0
GH-9844758020-partC1.jpg,4,0
GH-9847314207-partC1.jpg,2,0
GH-9847847715-partC1.jpg,4,0
GH-9852195462-partC1.jpg,5,0
GH-9852506193-partC1.jpg,1,0
GH-9859043745-partC1.jpg,0,0
GH-9861022898-partC1.jpg,5,0
GH-98649952-partC1.jpg,7,0
GH-98783692-partC1.jpg,4,0
GH-9925318753-partC1.jpg,2,0
GH-9927042512-partC1.jpg,4,0
GH-9935087597-partC1.jpg,4,0
GH-9936605159-partC1.jpg,2,0
GH-9941056739-partC1.jpg,2,0
GH-9941593272-partC1.jpg,6,0
GH-9946824960-partC1.jpg,5,0
GH-9948787321-partC1.jpg,4,0
GH-9951163777-partC1.jpg,2,0
GH-9952703107-partC1.jpg,3,0
GH-9957473684-partC1.jpg,1,0
GH-9960941352-partC1.jpg,0,0
